username,time,tweet
kidrauhlsworthy,Tue Mar 01 04:27:10 IST 2016, WHO CARES IF HES SMOKING STOP MAKING A BIG DEAL OUT OF IT
kidrauhlsworthy,Mon Feb 29 19:29:42 IST 2016,  IM EMO
kidrauhlsworthy,Mon Feb 29 19:29:20 IST 2016,RT  Hmmmis sneaky hint  
kidrauhlsworthy,Mon Feb 29 19:29:19 IST 2016,RT  Who think support  tour
kidrauhlsworthy,Mon Feb 29 19:29:14 IST 2016,RT  Nice Check out awesome Justin Bieber PurposeWorldTour advertisement 
kidrauhlsworthy,Mon Feb 29 19:29:12 IST 2016,RT  Tomorrow s 22nd Birthdayhow feeling
kidrauhlsworthy,Mon Feb 29 19:28:59 IST 2016,RT  Video Chris Brown jamming Justin Biebers Sorry club tonight 
kidrauhlsworthy,Mon Feb 29 19:28:53 IST 2016,RT  justinbieber   via snapchat HK I love I love mom justinbieber loveyourself 
kidrauhlsworthy,Mon Feb 29 19:28:52 IST 2016,RT  VIDEO Justin Bieber Travis Scott Antidote live 22nd Birthday party 3/27/16 
kidrauhlsworthy,Mon Feb 29 19:28:46 IST 2016,RT  Chris Brown singing Justin Biebers Sorry club tonight
kidrauhlsworthy,Mon Feb 29 11:49:36 IST 2016,RT 955PLJ Justin Bieber JB22 turn 22 tomorrow given official Bad Boy jacket pal P Diddy bash Bel Air
kidrauhlsworthy,Mon Feb 29 11:49:33 IST 2016,RT  Johnny via   
kidrauhlsworthy,Mon Feb 29 11:49:31 IST 2016,RT  Giacominodrago What treat here  ilpastaiobeverlyhillscalifornia 
kidrauhlsworthy,Mon Feb 29 11:49:26 IST 2016,RT  Djtayjames  JB22 weknowthedj 
kidrauhlsworthy,Mon Feb 29 11:49:24 IST 2016,RT  So mean tell  1 year old Toy story came out 😑 feeling old oscars
kidrauhlsworthy,Mon Feb 29 11:48:32 IST 2016, IM ready
kidrauhlsworthy,Mon Feb 29 11:48:10 IST 2016, yes
kidrauhlsworthy,Mon Feb 29 11:47:59 IST 2016,RT  First Justins 22nd birthday 1st start Purpose Tour 9th Exciting month 
kidrauhlsworthy,Mon Feb 29 08:50:54 IST 2016,RT  Photo Justin Bieber resort Palm Springs California today February 28 
kidrauhlsworthy,Mon Feb 29 08:27:13 IST 2016,RT  Good times celebrating bro justinbieber s birthday last night Happy Early birthday bro… 
kidrauhlsworthy,Mon Feb 29 08:00:50 IST 2016,RT  Justin Bieber via  
kidrauhlsworthy,Mon Feb 29 07:53:53 IST 2016,RT  It great hes great - Fan  met Justin Palm Springs today February 28
kidrauhlsworthy,Mon Feb 29 07:53:21 IST 2016,RT  Get ready TurnAmericaUp  pumps  Company NEXT   💙 https//…
kidrauhlsworthy,Mon Feb 29 07:19:58 IST 2016,those race jokes tho Oscars
kidrauhlsworthy,Mon Feb 29 07:18:20 IST 2016,
kidrauhlsworthy,Mon Feb 29 05:51:29 IST 2016,RT  Taylorcutfilms Squad going â¬†ï¸ JB22 
kidrauhlsworthy,Mon Feb 29 05:25:33 IST 2016,RT  Video Justin Bieber celebrating Birthday California today February 28 
kidrauhlsworthy,Mon Feb 29 05:25:30 IST 2016,RT  Lilromediddy Happy bday big bro  jb22 LilRomeDiddy RomeDiddyTV TMT TheLRDMovement 
kidrauhlsworthy,Mon Feb 29 05:25:28 IST 2016,RT  
kidrauhlsworthy,Mon Feb 29 05:25:17 IST 2016,RT  Lets  No1 March 1stgive Birthday present deserves 
kidrauhlsworthy,Mon Feb 29 05:25:10 IST 2016,RT  About last night Happy bday  
kidrauhlsworthy,Mon Feb 29 05:24:26 IST 2016,RT  Singing LoveYourself  bus ride back Nashville  Watcha think   🚌
kidrauhlsworthy,Mon Feb 29 05:24:24 IST 2016,RT  About last night celebrating JB22 Definitely feeling 22 today 🤕 
kidrauhlsworthy,Mon Feb 29 05:24:13 IST 2016,RT  ğŸ¥ Happy 22nd birthday bro justinbieber via  
kidrauhlsworthy,Mon Feb 29 05:24:09 IST 2016,RT  10 days till PURPOSETOUR  I think I 💩💩💩 pants excitement 😂😂
kidrauhlsworthy,Mon Feb 29 05:23:45 IST 2016,RT  When Poo hits note birthday spirit fills body ğŸ˜‚ğŸ˜‚ |  ğŸ¥  JB22 
kidrauhlsworthy,Mon Feb 29 05:23:13 IST 2016,RT  Another photo Justin Bieber celebrating Birthday California today February 28 
kidrauhlsworthy,Mon Feb 29 04:06:21 IST 2016,RT  jasprince JB22 
kidrauhlsworthy,Mon Feb 29 04:04:50 IST 2016,RT  jasprince Happy bday lil bro  JB22 YEMG SC Jprince713 
kidrauhlsworthy,Mon Feb 29 03:58:06 IST 2016,RT  JB My life changed drastically within past two years people changed Because I chose ch…
kidrauhlsworthy,Mon Feb 29 03:37:01 IST 2016,RT  Woohoo Ill going V Festival Weston Park whole weekend August Will anybody attending
kidrauhlsworthy,Mon Feb 29 02:31:33 IST 2016,RT  Mogul x Travis Scott x Bizzle JB22 🔥🔥🔥🔥🔥 
kidrauhlsworthy,Mon Feb 29 02:31:25 IST 2016,RT  JustinBieber spends 3rd week 1 â€œLove Yourselfâ€ making 16th AT40 hit biggest song career
kidrauhlsworthy,Mon Feb 29 02:19:47 IST 2016,RT  hayesgrier one  
kidrauhlsworthy,Mon Feb 29 01:40:07 IST 2016,RT  Another photo Justin Bieber celebrating Birthday California today February 28 
kidrauhlsworthy,Mon Feb 29 01:28:44 IST 2016,RT  taylorcutfilms Great vibes last night Happy early birthday brother ğŸ‚ğŸ¤   killing 
kidrauhlsworthy,Mon Feb 29 01:07:49 IST 2016,RT    bday party awesome Thanks inviting guys Never much fun life Happy bda…
kidrauhlsworthy,Mon Feb 29 01:07:45 IST 2016,RT  dsonoiki JB dance moves 😂😂😂 good times  jb22 
kidrauhlsworthy,Mon Feb 29 00:56:43 IST 2016,RT  Good times last night  bday party JB22 
kidrauhlsworthy,Mon Feb 29 00:56:27 IST 2016,RT  Another photo Justin Bieber celebrating Birthday California today February 28 
