username,time,tweet
robynhemsley,Sun Sep 01 05:29:49 IST 2013,Numbing pain make worse finally feel
robynhemsley,Sun Sep 01 02:30:53 IST 2013,Love going out wellies festivalchic lovemyladies ğŸ¹ğŸ¹ğŸ’‹ğŸ’‹ğŸ’‹â¤
robynhemsley,Sun Sep 01 01:55:07 IST 2013,Best day BML ladies What tonight bring
robynhemsley,Sat Aug 31 18:08:16 IST 2013,RT  You used well nice now youre cocky little cunt
robynhemsley,Sat Aug 31 17:48:52 IST 2013,Dreams dont work unless ✌
robynhemsley,Sat Aug 31 14:20:35 IST 2013,Cant one thing self treat others opposite way youhurtmyhead 🙈
robynhemsley,Sat Aug 31 03:58:13 IST 2013,Now everything I loving
robynhemsley,Sat Aug 31 02:45:22 IST 2013,Not My Day
robynhemsley,Sat Aug 31 02:45:13 IST 2013, beyond
robynhemsley,Sat Aug 31 02:30:25 IST 2013,RT Voldemort7 Its September 1st
robynhemsley,Sat Aug 31 02:27:29 IST 2013,Cant remember I felt posting being very happy earlier moodchange 😔
robynhemsley,Sat Aug 31 01:49:06 IST 2013, done
robynhemsley,Sat Aug 31 00:08:02 IST 2013,RT  Its hard
robynhemsley,Fri Aug 30 23:46:44 IST 2013, usually queue
robynhemsley,Fri Aug 30 23:46:29 IST 2013, 😂 
robynhemsley,Fri Aug 30 23:42:22 IST 2013,RT  Up
robynhemsley,Fri Aug 30 23:38:32 IST 2013,Is happens having good intention
robynhemsley,Fri Aug 30 23:37:09 IST 2013,RT  Sculpture made colored pencils 
robynhemsley,Fri Aug 30 22:56:55 IST 2013,â€œ Dont look someone make happy Find someone happy withâ€
robynhemsley,Fri Aug 30 22:41:52 IST 2013,RT  good night  last nighttt
robynhemsley,Fri Aug 30 21:38:00 IST 2013,RT  Cant bothered constant bullshit anymore
robynhemsley,Fri Aug 30 21:34:03 IST 2013,RT  She I dirty mouth kissed meant
robynhemsley,Fri Aug 30 21:16:59 IST 2013,Who I trying kid pretender 🙈
robynhemsley,Fri Aug 30 18:55:00 IST 2013,Very happy 😌
robynhemsley,Fri Aug 30 18:29:09 IST 2013,Abhqhabsbsbj Abhqhabsbsbj Abhqhabsbsbj oh sorry didnt realise calling yeah cause loads people called
robynhemsley,Fri Aug 30 17:30:54 IST 2013,There I looking cute sortitouttwitter 
robynhemsley,Fri Aug 30 16:25:27 IST 2013,RT Lawton Awkward eye contact ugly mean looking guy ill pretend Ive text
robynhemsley,Fri Aug 30 16:25:13 IST 2013,RT  Psychological Fact People automatically assume youre mad youre quiet
robynhemsley,Fri Aug 30 16:21:10 IST 2013,RT  You cant eat food taxiFor amount charging Ill wee taxi robbing bastard now …
robynhemsley,Fri Aug 30 16:19:40 IST 2013,RT  This tiredness really killing minute 😴
robynhemsley,Fri Aug 30 15:53:58 IST 2013,RT  There aint better day Pay day
robynhemsley,Fri Aug 30 15:44:58 IST 2013,RT Fitness6 Waking up Friday morning 
robynhemsley,Fri Aug 30 14:11:33 IST 2013,Knowing youre going regret something thatslife
robynhemsley,Fri Aug 30 14:04:36 IST 2013,Dont worry pretty little mind people throw rocks things shine 🌟
robynhemsley,Fri Aug 30 08:38:04 IST 2013,Wish I take watch Uncomfortable stuck gucci
robynhemsley,Fri Aug 30 02:00:08 IST 2013,When know proper ruin someone 🙈😂
robynhemsley,Fri Aug 30 00:09:12 IST 2013,RT  If man rates ting point part life lot need shut fuck up watch Peppa pig
robynhemsley,Thu Aug 29 22:05:07 IST 2013,Letting people figure out sent snapchat everyone dontflatteryourself
robynhemsley,Thu Aug 29 03:20:24 IST 2013,RT  Never public snapchat
robynhemsley,Thu Aug 29 03:19:43 IST 2013,RT  Everything good moment Im happy 😊
robynhemsley,Thu Aug 29 02:46:57 IST 2013,Muppet capital M
robynhemsley,Thu Aug 29 02:45:28 IST 2013, watch alone
