username,time,tweet
Tom_Greaves6,Tue Mar 01 05:29:51 IST 2016,The transition having many school holidays having minimum 28 days year disgusting
Tom_Greaves6,Tue Mar 01 03:02:54 IST 2016,😤😤😤
Tom_Greaves6,Mon Feb 29 05:14:54 IST 2016,I really cant watch scary films 🙈
Tom_Greaves6,Sun Feb 28 23:58:41 IST 2016,RT  philcoutinho celebrates equaliser RedsAtWembley 
Tom_Greaves6,Sun Feb 28 23:44:42 IST 2016,Get come on🔴🔴
Tom_Greaves6,Sun Feb 28 21:56:26 IST 2016,Come boys🔴🔴
Tom_Greaves6,Sun Feb 28 19:41:07 IST 2016,RT  Decent scenes early outside Wembley 
Tom_Greaves6,Sun Feb 28 02:55:22 IST 2016,RT  So relatable xoxoxox 
Tom_Greaves6,Sun Feb 28 01:30:16 IST 2016, If thats way feel Im picking up
Tom_Greaves6,Sat Feb 27 21:42:25 IST 2016,RT  Nathan Ake takes little tumble OUCH 
Tom_Greaves6,Sat Feb 27 06:32:26 IST 2016,samuelroberts If call Stockton Heath luxury fair price pay
Tom_Greaves6,Sat Feb 27 06:26:31 IST 2016,RT  Aventador corner store 
Tom_Greaves6,Sat Feb 27 06:25:37 IST 2016,£480 pint Stockton Heath You fucking messing
Tom_Greaves6,Fri Feb 26 18:08:05 IST 2016,RT  LFC drawn face   Round 16 
Tom_Greaves6,Thu Feb 25 18:01:54 IST 2016,RT  I see fajita 
Tom_Greaves6,Thu Feb 25 02:15:03 IST 2016,Cant wait start summer clothes shopping
Tom_Greaves6,Thu Feb 25 01:06:45 IST 2016,Said once Ill again Sakhos snapchat brilliant 😂 
Tom_Greaves6,Wed Feb 24 00:14:09 IST 2016,Been waiting day Arsenal vs Barcelona game 😬
Tom_Greaves6,Mon Feb 22 05:09:08 IST 2016,Time put miserable work face ready tomorrow morning 🙃
Tom_Greaves6,Mon Feb 22 02:58:16 IST 2016,RT  These still London photos I took three days ago 
Tom_Greaves6,Mon Feb 22 02:55:02 IST 2016,RT  This ex girlfriend  Clementine  Auschwitz Centre Ashford Kent 
Tom_Greaves6,Mon Feb 22 01:04:51 IST 2016,I bloody love countryfile
Tom_Greaves6,Sat Feb 20 22:42:10 IST 2016,Dont think Ive bored Saturday ğŸ˜
Tom_Greaves6,Sat Feb 20 19:37:48 IST 2016,Hulls keeper 😳🔥🔥
Tom_Greaves6,Fri Feb 19 01:29:33 IST 2016,Id put £10 dancing Chris winning apprentice United winning days
Tom_Greaves6,Wed Feb 17 02:15:55 IST 2016,Just want wake up MagağŸ˜ğŸº
Tom_Greaves6,Tue Feb 16 17:58:27 IST 2016,Feel Im wasting away work😠
Tom_Greaves6,Sun Feb 14 11:05:56 IST 2016,Broke arm town What life
Tom_Greaves6,Sun Feb 14 03:15:53 IST 2016,Platty France favourites win Europa year
Tom_Greaves6,Sat Feb 13 19:25:10 IST 2016,Maga finally booked ğŸº
Tom_Greaves6,Sat Feb 13 02:35:38 IST 2016,Breaking news changed life reading  
Tom_Greaves6,Fri Feb 12 23:37:55 IST 2016,Happy Valentines â¤ï¸ 
Tom_Greaves6,Fri Feb 12 18:21:36 IST 2016,Lesson day dont try race BMW M4 12 Renault Clio embarrassing
Tom_Greaves6,Fri Feb 12 01:40:38 IST 2016,Man showbar getting shutdown
Tom_Greaves6,Wed Feb 10 18:30:16 IST 2016, Odds Adam Johnsons prison time
Tom_Greaves6,Wed Feb 10 03:49:46 IST 2016,Nah fuck West Ham
Tom_Greaves6,Wed Feb 10 03:06:54 IST 2016,Missing last minute Stevie G winners 😢
Tom_Greaves6,Wed Feb 10 02:21:04 IST 2016,Welcome back Coutinho🔮
Tom_Greaves6,Wed Feb 10 01:53:10 IST 2016, Happy Birthday mate 
Tom_Greaves6,Wed Feb 10 01:50:58 IST 2016,How many chances need goal 😳
Tom_Greaves6,Tue Feb 09 02:01:33 IST 2016,RT  A Birmingham fan stunned Wednesday made 2-1 within space 2 minutes 
Tom_Greaves6,Mon Feb 08 18:25:49 IST 2016,RT  Dramatic footage leopard entering Indian school  
Tom_Greaves6,Mon Feb 08 17:57:52 IST 2016,Running 3 hours sleep 😴
Tom_Greaves6,Mon Feb 08 07:09:58 IST 2016,This halftime show💯💯💯💯
Tom_Greaves6,Mon Feb 08 04:58:55 IST 2016,Ward14  request bet Manning suck Newtons shaft sack
Tom_Greaves6,Mon Feb 08 04:56:27 IST 2016,Ward14 The clue pretty much name bet mate
Tom_Greaves6,Mon Feb 08 04:55:46 IST 2016,Wanting book time work wanting waste holidays 😫😫
Tom_Greaves6,Mon Feb 08 04:49:25 IST 2016,Ward14 I cant bring myself bet 😂
Tom_Greaves6,Mon Feb 08 04:42:38 IST 2016,Fantastic bet 
Tom_Greaves6,Mon Feb 08 02:38:27 IST 2016,Super Bowl 50 tonight thoughhhhhh 😬😬
