username,time,tweet
mjbeem06,Tue Mar 01 05:29:39 IST 2016,I look homeless man
mjbeem06,Sat Feb 27 10:35:37 IST 2016,Ive learned much past two weeks
mjbeem06,Fri Feb 26 08:29:22 IST 2016,Cheech Chong
mjbeem06,Wed Jan 27 06:48:48 IST 2016,webster  
mjbeem06,Thu Jan 21 05:23:59 IST 2016,  I appreciate
mjbeem06,Wed Jan 20 08:34:49 IST 2016,webster  true
mjbeem06,Wed Jan 20 07:43:23 IST 2016,  
mjbeem06,Wed Jan 20 07:34:06 IST 2016,  thanks budâ¤ï¸â¤ï¸
mjbeem06,Sat Jan 16 03:36:27 IST 2016,RT  Jim I need help taking down ISISRoy Man I’ve out game longJim They’ve Pam… 
mjbeem06,Wed Jan 13 09:44:22 IST 2016,RT   stark   thanks invite
mjbeem06,Sat Dec 26 08:14:16 IST 2015,RT MS Happy birthday Sean
mjbeem06,Wed Oct 14 05:23:29 IST 2015,RT andrew23 heart beating
mjbeem06,Fri Oct 09 08:40:21 IST 2015,RT  
mjbeem06,Tue Mar 17 19:31:59 IST 2015,RT Lane13 I literally anything go back year ago today time   I boarding cruise ship …
mjbeem06,Tue Mar 17 07:26:55 IST 2015,Lane13 😂😭
mjbeem06,Tue Jan 13 03:14:07 IST 2015,RT  
mjbeem06,Thu Jan 08 08:23:17 IST 2015,RT Lane13   1 Toby last And 2 look Kevin😂😂😭
mjbeem06,Sun Nov 30 10:30:34 IST 2014,RT Lane13 GoHawks BeatState 
mjbeem06,Sat Nov 22 02:40:11 IST 2014,RT Lane13 Attention everyone Please help find Michaels lost tongue Also sheep mouth cant out http…
mjbeem06,Thu Oct 23 23:32:22 IST 2014,RT  My last tweet fire
mjbeem06,Thu Oct 23 23:32:06 IST 2014,RT  🔥🔥🔥🔥🔥🔥🔥🔥🔥🔥🔥🔥🔥
mjbeem06,Sat Jun 14 06:47:12 IST 2014,Redneck gondola stark  Lane13 
mjbeem06,Wed Apr 30 05:30:16 IST 2014,RT  FYI Mike isnt booty pirate
mjbeem06,Sat Apr 26 08:28:23 IST 2014,Lopez15 And stark cause hes hunky brad Pitt truth
mjbeem06,Sat Apr 26 08:20:04 IST 2014,Lopez15 sup
mjbeem06,Sat Apr 26 08:03:25 IST 2014,RT   twitter game point
mjbeem06,Mon Mar 24 04:28:22 IST 2014,Lane13 Why think I twerk much
mjbeem06,Sat Mar 15 17:43:38 IST 2014,RT Lane13 Everyone wish  luck hes stuck car 24 hours BahamasBound
mjbeem06,Thu Mar 13 04:55:11 IST 2014,Lane13 Lucky
mjbeem06,Thu Feb 20 23:29:44 IST 2014,storytimeatlunchwithnathan
mjbeem06,Tue Feb 04 04:59:57 IST 2014, Our school rap battles surrounded cornfields JustGiveUp -Minnechaug HS 
mjbeem06,Mon Dec 23 06:33:30 IST 2013,Lane13 annoying person I even met
mjbeem06,Tue Dec 03 06:41:56 IST 2013,MCM  
mjbeem06,Sun Dec 01 04:24:08 IST 2013,Lol Lane13s voice right now
mjbeem06,Thu Nov 21 07:50:38 IST 2013,So many great pictures Lane13 wcw 
mjbeem06,Sun Nov 17 01:57:00 IST 2013,Ouch
mjbeem06,Thu Nov 14 05:55:05 IST 2013,My wcw such babe Lane13 
mjbeem06,Sat Nov 09 08:02:53 IST 2013, PerksOfDatingMe What isnt perk dating Lane13
mjbeem06,Sat Nov 09 05:50:11 IST 2013,clark22 HEY HEY YOU YOU I DONT LIKE YOUR GIRLFRIEND NO WAY NO WAY THINK YOU NEED A NEW ONEğŸ’  Lane13
mjbeem06,Wed Nov 06 07:05:14 IST 2013,RT Lane13 Happy mcm extremely concussed boyfriend tucked sweats socks ER Thursday  http…
mjbeem06,Mon Nov 04 07:12:18 IST 2013,   I cant stand people eat extremely slow 
mjbeem06,Mon Nov 04 06:50:27 IST 2013, people chew food really loudly  
mjbeem06,Sun Nov 03 04:57:12 IST 2013,RT Lane13 What going school majoring ratchet - 
mjbeem06,Fri Nov 01 06:39:26 IST 2013,Hello random woman laying floor ER 
mjbeem06,Wed Oct 30 21:58:45 IST 2013,RT Lane13 I know nationalbestfriendday isnt real thing days over heres best friend   http…
mjbeem06,Sun Oct 27 22:35:41 IST 2013,RT  I dont see big booty hoes
mjbeem06,Tue Oct 15 05:02:47 IST 2013,gmaprobs
mjbeem06,Mon Oct 14 03:38:18 IST 2013,RT Lane13  Perks dating laugh jokes dont need 
