username,time,tweet
bes_oom,Mon Apr 13 18:53:10 IST 2015,There way I use fantastic skill advantage crappygutinstinct 
bes_oom,Mon Apr 13 18:49:25 IST 2015,My middle name crappy-gut-instinct If annual award picture trophy symbol achievement
bes_oom,Sun Apr 12 20:25:28 IST 2015,RT  How Be Emotionally Intelligent 
bes_oom,Sun Apr 12 12:00:30 IST 2015,RT ahamad Ø§Ù„Ù€ open minded Ø¹Ù†Ø¯ Ø§Ù„Ø¹Ø±Ø¨  ØªÙ‚Ø¨Ù„ Ø§Ù„ÙÙˆØ§Ø­Ø´ Ùˆ Ù‚Ù„Ø© Ø§Ù„Ø£Ø¯Ø¨ Ø§Ù„Ù€ open minded Ø¹Ù†Ø¯ Ø§Ù„Ø£Ø¬Ø§Ù†Ø¨  ØªÙ‚Ø¨Ù„ Ø§Ù„Ø£ÙÙƒØ§Ø± ÙˆØ§Ù„Ø£Ø¯ÙŠØ§Ù† Ø§Ù„Ù…Ø®ØªÙ„ÙÙ‡Øªâ€¦
bes_oom,Sun Apr 12 01:57:34 IST 2015,RT  
bes_oom,Wed Apr 08 19:56:14 IST 2015,abbas  hahahahaha noo dont facade fool divergent
bes_oom,Tue Apr 07 17:14:55 IST 2015,RT  The illusion knowledge worse ignorance
bes_oom,Sat Apr 04 19:04:39 IST 2015,RT  Sometimes something scares  thetig thetig 
bes_oom,Sat Apr 04 15:29:46 IST 2015,RT 9GAG This 
bes_oom,Wed Apr 01 17:28:19 IST 2015,Im little sad one pranked today 😅 aprilfools foolme
bes_oom,Wed Apr 01 13:41:48 IST 2015,RT  Take moment improve day staring deep RyanReynolds muscles  
bes_oom,Wed Apr 01 13:33:12 IST 2015,RT  I Followed My Stolen iPhone Across The World Became A Celebrity In China And Found A Friend For Life 
bes_oom,Wed Apr 01 12:41:45 IST 2015,Sometimes giving up isnt such bad thing sickandtired
bes_oom,Tue Mar 31 19:11:11 IST 2015, hi wanted know I took car service again service superb Thanks ğŸ‘
bes_oom,Tue Mar 31 13:39:55 IST 2015, I always thought families never really harmed anyone now Im seeing theres difference Sad really
bes_oom,Tue Mar 31 13:26:58 IST 2015, good girl disrespectful idiots need put place Men women
bes_oom,Tue Mar 31 13:25:08 IST 2015, I believe wife I dunno whether laugh cry
bes_oom,Mon Mar 30 19:33:40 IST 2015,I guess Ill take solace sarcastic comments I entertain myself head noonewilleverknow
bes_oom,Mon Mar 30 19:29:35 IST 2015,Cant state preferences karma n pick hurry karma
bes_oom,Mon Mar 30 19:28:11 IST 2015,I guess thats being mature Learning keep mouth shut maturity life
bes_oom,Mon Mar 30 19:26:32 IST 2015,There r times I wish I honest people without consequences But thats life Godknowsiwantto
bes_oom,Mon Mar 30 12:59:07 IST 2015,RT  Happy birthday Eric Clapton born day 30th March 1945 guitarist singer songwriter 
bes_oom,Mon Mar 30 02:21:08 IST 2015,RT  
bes_oom,Mon Mar 30 02:18:27 IST 2015,Let late nights begin partyingallnight isad
bes_oom,Sun Mar 29 12:21:43 IST 2015,RT  The different types love 
bes_oom,Sat Mar 28 23:14:34 IST 2015,RT jawaheralali Bollywood sorta night oom
bes_oom,Fri Mar 27 23:10:02 IST 2015, fantastic Thank great show
bes_oom,Fri Mar 27 21:03:18 IST 2015, go upstairs walk way front seats My aunt knee problems one listen
bes_oom,Fri Mar 27 21:01:33 IST 2015, events cultural hall used organized The new system very confusing redundant
bes_oom,Thu Mar 26 18:51:38 IST 2015, unavailable Bahrain |
bes_oom,Tue Mar 24 18:10:14 IST 2015,RT  Jonathan turtle year 1900 again today 
bes_oom,Mon Mar 23 18:28:54 IST 2015,RT  How To Resolve Workplace Conflict With Body Language 
bes_oom,Mon Mar 23 11:21:49 IST 2015,I two separate countdowns going life light tunnel
bes_oom,Fri Mar 20 02:14:09 IST 2015,When 2015 start look better fixyourself2015 imisslastyear
bes_oom,Wed Mar 18 14:49:37 IST 2015,RT  I respect social media influencer he/she messageBut ure 2be popular 2 show others ull for…
bes_oom,Tue Mar 17 17:11:53 IST 2015,I realized Thursday tomorrow
bes_oom,Tue Mar 17 12:30:41 IST 2015,abbas  whoop whoop ohhappyday
bes_oom,Wed Mar 11 23:07:37 IST 2015,Searching inspiration
bes_oom,Wed Mar 11 14:47:57 IST 2015,jawaheralali I hate hope
bes_oom,Wed Mar 11 14:45:29 IST 2015,Y things know disappoint answermeuniverse
bes_oom,Tue Mar 10 14:49:44 IST 2015,RT  I think I enough week Can end now please
bes_oom,Tue Mar 03 17:14:44 IST 2015,meenii I contribute book pls reserve one copy already ğŸ‘
bes_oom,Tue Mar 03 02:30:55 IST 2015,Thank  one magical nights Thank   truly sensational concert
bes_oom,Mon Mar 02 13:33:36 IST 2015,RT  Eeeeek 
bes_oom,Sat Feb 28 23:16:51 IST 2015,RT  Now think religion politics ideas thedress basically addressing existence subjective truth
bes_oom,Sat Feb 28 23:15:48 IST 2015,RT  Now days people believe things facts proper understanding But told socie…
bes_oom,Tue Feb 24 12:09:26 IST 2015,RT  Here’s build Lego Oscar s   
bes_oom,Sat Feb 21 22:15:25 IST 2015,RT  
bes_oom,Sat Feb 21 18:20:21 IST 2015,RT  How survive hostage situation 
bes_oom,Wed Feb 18 17:29:08 IST 2015,perspective
